case,n,trial,process,implementation,elapsed_ns,repetitions,result,ns_per_call
dense,256,0,0,CJR,19434000,1024,-50,18978.515625
dense,256,0,0,StdSort,53962000,1024,-50,52697.265625
dense,256,0,0,StdHash,2855000,1024,-50,2788.0859375
dense,256,1,0,StdSort,50443000,1024,-50,49260.7421875
dense,256,1,0,StdHash,2906000,1024,-50,2837.890625
dense,256,1,0,CJR,11660000,1024,-50,11386.71875
dense,256,2,0,StdHash,2814000,1024,-50,2748.046875
dense,256,2,0,CJR,11668000,1024,-50,11394.53125
dense,256,2,0,StdSort,53459000,1024,-50,52206.0546875
dense,256,3,0,CJR,11529000,1024,-50,11258.7890625
dense,256,3,0,StdSort,45103000,1024,-50,44045.8984375
dense,256,3,0,StdHash,2696000,1024,-50,2632.8125
dense,256,4,0,StdSort,53858000,1024,-50,52595.703125
dense,256,4,0,StdHash,2809000,1024,-50,2743.1640625
dense,256,4,0,CJR,11748000,1024,-50,11472.65625
dense,256,5,0,StdHash,2806000,1024,-50,2740.234375
dense,256,5,0,CJR,11708000,1024,-50,11433.59375
dense,256,5,0,StdSort,53137000,1024,-50,51891.6015625
dense,256,6,0,CJR,11772000,1024,-50,11496.09375
dense,256,6,0,StdSort,45246000,1024,-50,44185.546875
dense,256,6,0,StdHash,2790000,1024,-50,2724.609375
wide,256,0,0,CJR,12927000,1024,-128,12624.0234375
wide,256,0,0,StdSort,54440000,1024,-128,53164.0625
wide,256,0,0,StdHash,4058000,1024,-128,3962.890625
wide,256,1,0,StdSort,56016000,1024,-128,54703.125
wide,256,1,0,StdHash,4156000,1024,-128,4058.59375
wide,256,1,0,CJR,12994000,1024,-128,12689.453125
wide,256,2,0,StdHash,4279000,1024,-128,4178.7109375
wide,256,2,0,CJR,12997000,1024,-128,12692.3828125
wide,256,2,0,StdSort,56437000,1024,-128,55114.2578125
wide,256,3,0,CJR,12842000,1024,-128,12541.015625
wide,256,3,0,StdSort,55138000,1024,-128,53845.703125
wide,256,3,0,StdHash,3948000,1024,-128,3855.46875
wide,256,4,0,StdSort,56627000,1024,-128,55299.8046875
wide,256,4,0,StdHash,3887000,1024,-128,3795.8984375
wide,256,4,0,CJR,12753000,1024,-128,12454.1015625
wide,256,5,0,StdHash,4232000,1024,-128,4132.8125
wide,256,5,0,CJR,12327000,1024,-128,12038.0859375
wide,256,5,0,StdSort,47089000,1024,-128,45985.3515625
wide,256,6,0,CJR,12672000,1024,-128,12375.0
wide,256,6,0,StdSort,54673000,1024,-128,53391.6015625
wide,256,6,0,StdHash,4078000,1024,-128,3982.421875
small_domain,256,0,0,CJR,14480000,1024,-3,14140.625
small_domain,256,0,0,StdSort,57004000,1024,-3,55667.96875
small_domain,256,0,0,StdHash,1511000,1024,-3,1475.5859375
small_domain,256,1,0,StdSort,60751000,1024,-3,59327.1484375
small_domain,256,1,0,StdHash,1577000,1024,-3,1540.0390625
small_domain,256,1,0,CJR,14600000,1024,-3,14257.8125
small_domain,256,2,0,StdHash,1595000,1024,-3,1557.6171875
small_domain,256,2,0,CJR,14654000,1024,-3,14310.546875
small_domain,256,2,0,StdSort,50904000,1024,-3,49710.9375
small_domain,256,3,0,CJR,14967000,1024,-3,14616.2109375
small_domain,256,3,0,StdSort,58605000,1024,-3,57231.4453125
small_domain,256,3,0,StdHash,1548000,1024,-3,1511.71875
small_domain,256,4,0,StdSort,56966000,1024,-3,55630.859375
small_domain,256,4,0,StdHash,1664000,1024,-3,1625.0
small_domain,256,4,0,CJR,14494000,1024,-3,14154.296875
small_domain,256,5,0,StdHash,1569000,1024,-3,1532.2265625
small_domain,256,5,0,CJR,14722000,1024,-3,14376.953125
small_domain,256,5,0,StdSort,57183000,1024,-3,55842.7734375
small_domain,256,6,0,CJR,14742000,1024,-3,14396.484375
small_domain,256,6,0,StdSort,49043000,1024,-3,47893.5546875
small_domain,256,6,0,StdHash,1504000,1024,-3,1468.75
sorted,256,0,0,CJR,211769000,1024,-128,206805.6640625
sorted,256,0,0,StdSort,17872000,1024,-128,17453.125
sorted,256,0,0,StdHash,2980000,1024,-128,2910.15625
sorted,256,1,0,StdSort,19910000,1024,-128,19443.359375
sorted,256,1,0,StdHash,4002000,1024,-128,3908.203125
sorted,256,1,0,CJR,208181000,1024,-128,203301.7578125
sorted,256,2,0,StdHash,2750000,1024,-128,2685.546875
sorted,256,2,0,CJR,208743000,1024,-128,203850.5859375
sorted,256,2,0,StdSort,20527000,1024,-128,20045.8984375
sorted,256,3,0,CJR,209934000,1024,-128,205013.671875
sorted,256,3,0,StdSort,18749000,1024,-128,18309.5703125
sorted,256,3,0,StdHash,4134000,1024,-128,4037.109375
sorted,256,4,0,StdSort,21001000,1024,-128,20508.7890625
sorted,256,4,0,StdHash,3996000,1024,-128,3902.34375
sorted,256,4,0,CJR,211259000,1024,-128,206307.6171875
sorted,256,5,0,StdHash,2738000,1024,-128,2673.828125
sorted,256,5,0,CJR,212368000,1024,-128,207390.625
sorted,256,5,0,StdSort,20226000,1024,-128,19751.953125
sorted,256,6,0,CJR,210723000,1024,-128,205784.1796875
sorted,256,6,0,StdSort,19912000,1024,-128,19445.3125
sorted,256,6,0,StdHash,4401000,1024,-128,4297.8515625
reverse_sorted,256,0,0,CJR,126978000,1024,128,124001.953125
reverse_sorted,256,0,0,StdSort,22074000,1024,128,21556.640625
reverse_sorted,256,0,0,StdHash,4080000,1024,128,3984.375
reverse_sorted,256,1,0,StdSort,25952000,1024,128,25343.75
reverse_sorted,256,1,0,StdHash,19169000,1024,128,18719.7265625
reverse_sorted,256,1,0,CJR,125547000,1024,128,122604.4921875
reverse_sorted,256,2,0,StdHash,4100000,1024,128,4003.90625
reverse_sorted,256,2,0,CJR,125656000,1024,128,122710.9375
reverse_sorted,256,2,0,StdSort,23354000,1024,128,22806.640625
reverse_sorted,256,3,0,CJR,126880000,1024,128,123906.25
reverse_sorted,256,3,0,StdSort,25717000,1024,128,25114.2578125
reverse_sorted,256,3,0,StdHash,3924000,1024,128,3832.03125
reverse_sorted,256,4,0,StdSort,24370000,1024,128,23798.828125
reverse_sorted,256,4,0,StdHash,13872000,1024,128,13546.875
reverse_sorted,256,4,0,CJR,125917000,1024,128,122965.8203125
reverse_sorted,256,5,0,StdHash,4051000,1024,128,3956.0546875
reverse_sorted,256,5,0,CJR,126301000,1024,128,123340.8203125
reverse_sorted,256,5,0,StdSort,23575000,1024,128,23022.4609375
reverse_sorted,256,6,0,CJR,126685000,1024,128,123715.8203125
reverse_sorted,256,6,0,StdSort,22970000,1024,128,22431.640625
reverse_sorted,256,6,0,StdHash,4473000,1024,128,4368.1640625
dense,4096,0,0,CJR,21936000,64,-50,342750.0
dense,4096,0,0,StdSort,83321000,64,-50,1301890.625
dense,4096,0,0,StdHash,1702000,64,-50,26593.75
dense,4096,1,0,StdSort,84027000,64,-50,1312921.875
dense,4096,1,0,StdHash,1754000,64,-50,27406.25
dense,4096,1,0,CJR,22001000,64,-50,343765.625
dense,4096,2,0,StdHash,1595000,64,-50,24921.875
dense,4096,2,0,CJR,21928000,64,-50,342625.0
dense,4096,2,0,StdSort,89325000,64,-50,1395703.125
dense,4096,3,0,CJR,22059000,64,-50,344671.875
dense,4096,3,0,StdSort,94454000,64,-50,1475843.75
dense,4096,3,0,StdHash,1811000,64,-50,28296.875
dense,4096,4,0,StdSort,88174000,64,-50,1377718.75
dense,4096,4,0,StdHash,1683000,64,-50,26296.875
dense,4096,4,0,CJR,21722000,64,-50,339406.25
dense,4096,5,0,StdHash,1773000,64,-50,27703.125
dense,4096,5,0,CJR,21809000,64,-50,340765.625
dense,4096,5,0,StdSort,94026000,64,-50,1469156.25
dense,4096,6,0,CJR,21725000,64,-50,339453.125
dense,4096,6,0,StdSort,87849000,64,-50,1372640.625
dense,4096,6,0,StdHash,1635000,64,-50,25546.875
wide,4096,0,0,CJR,19010000,64,-2048,297031.25
wide,4096,0,0,StdSort,82072000,64,-2048,1282375.0
wide,4096,0,0,StdHash,4360000,64,-2048,68125.0
wide,4096,1,0,StdSort,81914000,64,-2048,1279906.25
wide,4096,1,0,StdHash,4445000,64,-2048,69453.125
wide,4096,1,0,CJR,18964000,64,-2048,296312.5
wide,4096,2,0,StdHash,4222000,64,-2048,65968.75
wide,4096,2,0,CJR,18965000,64,-2048,296328.125
wide,4096,2,0,StdSort,79298000,64,-2048,1239031.25
wide,4096,3,0,CJR,19004000,64,-2048,296937.5
wide,4096,3,0,StdSort,80546000,64,-2048,1258531.25
wide,4096,3,0,StdHash,12276000,64,-2048,191812.5
wide,4096,4,0,StdSort,82492000,64,-2048,1288937.5
wide,4096,4,0,StdHash,4229000,64,-2048,66078.125
wide,4096,4,0,CJR,19842000,64,-2048,310031.25
wide,4096,5,0,StdHash,4262000,64,-2048,66593.75
wide,4096,5,0,CJR,19228000,64,-2048,300437.5
wide,4096,5,0,StdSort,80350000,64,-2048,1255468.75
wide,4096,6,0,CJR,19078000,64,-2048,298093.75
wide,4096,6,0,StdSort,80226000,64,-2048,1253531.25
wide,4096,6,0,StdHash,4193000,64,-2048,65515.625
small_domain,4096,0,0,CJR,92795000,64,-3,1449921.875
small_domain,4096,0,0,StdSort,77770000,64,-3,1215156.25
small_domain,4096,0,0,StdHash,1505000,64,-3,23515.625
small_domain,4096,1,0,StdSort,84206000,64,-3,1315718.75
small_domain,4096,1,0,StdHash,1567000,64,-3,24484.375
small_domain,4096,1,0,CJR,93559000,64,-3,1461859.375
small_domain,4096,2,0,StdHash,1569000,64,-3,24515.625
small_domain,4096,2,0,CJR,93293000,64,-3,1457703.125
small_domain,4096,2,0,StdSort,82578000,64,-3,1290281.25
small_domain,4096,3,0,CJR,92660000,64,-3,1447812.5
small_domain,4096,3,0,StdSort,71839000,64,-3,1122484.375
small_domain,4096,3,0,StdHash,1553000,64,-3,24265.625
small_domain,4096,4,0,StdSort,82558000,64,-3,1289968.75
small_domain,4096,4,0,StdHash,1557000,64,-3,24328.125
small_domain,4096,4,0,CJR,94124000,64,-3,1470687.5
small_domain,4096,5,0,StdHash,1593000,64,-3,24890.625
small_domain,4096,5,0,CJR,93748000,64,-3,1464812.5
small_domain,4096,5,0,StdSort,80007000,64,-3,1250109.375
small_domain,4096,6,0,CJR,93132000,64,-3,1455187.5
small_domain,4096,6,0,StdSort,79007000,64,-3,1234484.375
small_domain,4096,6,0,StdHash,1586000,64,-3,24781.25
dense,16384,0,0,CJR,28055000,16,-50,1753437.5
dense,16384,0,0,StdSort,101057000,16,-50,6316062.5
dense,16384,0,0,StdHash,1662000,16,-50,103875.0
dense,16384,1,0,StdSort,106276000,16,-50,6642250.0
dense,16384,1,0,StdHash,1596000,16,-50,99750.0
dense,16384,1,0,CJR,29309000,16,-50,1831812.5
dense,16384,2,0,StdHash,1567000,16,-50,97937.5
dense,16384,2,0,CJR,28470000,16,-50,1779375.0
dense,16384,2,0,StdSort,96438000,16,-50,6027375.0
dense,16384,3,0,CJR,28244000,16,-50,1765250.0
dense,16384,3,0,StdSort,95815000,16,-50,5988437.5
dense,16384,3,0,StdHash,1619000,16,-50,101187.5
dense,16384,4,0,StdSort,99973000,16,-50,6248312.5
dense,16384,4,0,StdHash,1744000,16,-50,109000.0
dense,16384,4,0,CJR,28516000,16,-50,1782250.0
dense,16384,5,0,StdHash,1667000,16,-50,104187.5
dense,16384,5,0,CJR,28833000,16,-50,1802062.5
dense,16384,5,0,StdSort,107003000,16,-50,6687687.5
dense,16384,6,0,CJR,28136000,16,-50,1758500.0
dense,16384,6,0,StdSort,98568000,16,-50,6160500.0
dense,16384,6,0,StdHash,1554000,16,-50,97125.0
wide,16384,0,0,CJR,25036000,16,-8192,1564750.0
wide,16384,0,0,StdSort,95288000,16,-8192,5955500.0
wide,16384,0,0,StdHash,4665000,16,-8192,291562.5
wide,16384,1,0,StdSort,104120000,16,-8192,6507500.0
wide,16384,1,0,StdHash,4482000,16,-8192,280125.0
wide,16384,1,0,CJR,25038000,16,-8192,1564875.0
wide,16384,2,0,StdHash,4769000,16,-8192,298062.5
wide,16384,2,0,CJR,24434000,16,-8192,1527125.0
wide,16384,2,0,StdSort,95275000,16,-8192,5954687.5
wide,16384,3,0,CJR,24527000,16,-8192,1532937.5
wide,16384,3,0,StdSort,102218000,16,-8192,6388625.0
wide,16384,3,0,StdHash,4476000,16,-8192,279750.0
wide,16384,4,0,StdSort,93266000,16,-8192,5829125.0
wide,16384,4,0,StdHash,4788000,16,-8192,299250.0
wide,16384,4,0,CJR,24737000,16,-8192,1546062.5
wide,16384,5,0,StdHash,4793000,16,-8192,299562.5
wide,16384,5,0,CJR,24742000,16,-8192,1546375.0
wide,16384,5,0,StdSort,104033000,16,-8192,6502062.5
wide,16384,6,0,CJR,24543000,16,-8192,1533937.5
wide,16384,6,0,StdSort,93252000,16,-8192,5828250.0
wide,16384,6,0,StdHash,4574000,16,-8192,285875.0
small_domain,16384,0,0,CJR,316691000,16,-3,19793187.5
small_domain,16384,0,0,StdSort,95333000,16,-3,5958312.5
small_domain,16384,0,0,StdHash,1440000,16,-3,90000.0
small_domain,16384,1,0,StdSort,92801000,16,-3,5800062.5
small_domain,16384,1,0,StdHash,1541000,16,-3,96312.5
small_domain,16384,1,0,CJR,313646000,16,-3,19602875.0
small_domain,16384,2,0,StdHash,1543000,16,-3,96437.5
small_domain,16384,2,0,CJR,312704000,16,-3,19544000.0
small_domain,16384,2,0,StdSort,92267000,16,-3,5766687.5
small_domain,16384,3,0,CJR,313633000,16,-3,19602062.5
small_domain,16384,3,0,StdSort,93152000,16,-3,5822000.0
small_domain,16384,3,0,StdHash,1506000,16,-3,94125.0
small_domain,16384,4,0,StdSort,94204000,16,-3,5887750.0
small_domain,16384,4,0,StdHash,1569000,16,-3,98062.5
small_domain,16384,4,0,CJR,314918000,16,-3,19682375.0
small_domain,16384,5,0,StdHash,1566000,16,-3,97875.0
small_domain,16384,5,0,CJR,312493000,16,-3,19530812.5
small_domain,16384,5,0,StdSort,90510000,16,-3,5656875.0
small_domain,16384,6,0,CJR,315933000,16,-3,19745812.5
small_domain,16384,6,0,StdSort,92693000,16,-3,5793312.5
small_domain,16384,6,0,StdHash,1593000,16,-3,99562.5
dense,256,0,1,CJR,14347000,1024,-50,14010.7421875
dense,256,0,1,StdSort,46920000,1024,-50,45820.3125
dense,256,0,1,StdHash,2744000,1024,-50,2679.6875
dense,256,1,1,StdSort,53520000,1024,-50,52265.625
dense,256,1,1,StdHash,2632000,1024,-50,2570.3125
dense,256,1,1,CJR,11648000,1024,-50,11375.0
dense,256,2,1,StdHash,2714000,1024,-50,2650.390625
dense,256,2,1,CJR,11790000,1024,-50,11513.671875
dense,256,2,1,StdSort,54450000,1024,-50,53173.828125
dense,256,3,1,CJR,11616000,1024,-50,11343.75
dense,256,3,1,StdSort,45059000,1024,-50,44002.9296875
dense,256,3,1,StdHash,2815000,1024,-50,2749.0234375
dense,256,4,1,StdSort,54546000,1024,-50,53267.578125
dense,256,4,1,StdHash,2656000,1024,-50,2593.75
dense,256,4,1,CJR,11662000,1024,-50,11388.671875
dense,256,5,1,StdHash,2792000,1024,-50,2726.5625
dense,256,5,1,CJR,11761000,1024,-50,11485.3515625
dense,256,5,1,StdSort,54415000,1024,-50,53139.6484375
dense,256,6,1,CJR,11881000,1024,-50,11602.5390625
dense,256,6,1,StdSort,45538000,1024,-50,44470.703125
dense,256,6,1,StdHash,2729000,1024,-50,2665.0390625
wide,256,0,1,CJR,12539000,1024,-128,12245.1171875
wide,256,0,1,StdSort,57550000,1024,-128,56201.171875
wide,256,0,1,StdHash,4116000,1024,-128,4019.53125
wide,256,1,1,StdSort,55823000,1024,-128,54514.6484375
wide,256,1,1,StdHash,4075000,1024,-128,3979.4921875
wide,256,1,1,CJR,12900000,1024,-128,12597.65625
wide,256,2,1,StdHash,4082000,1024,-128,3986.328125
wide,256,2,1,CJR,12706000,1024,-128,12408.203125
wide,256,2,1,StdSort,56814000,1024,-128,55482.421875
wide,256,3,1,CJR,12575000,1024,-128,12280.2734375
wide,256,3,1,StdSort,56232000,1024,-128,54914.0625
wide,256,3,1,StdHash,4085000,1024,-128,3989.2578125
wide,256,4,1,StdSort,56149000,1024,-128,54833.0078125
wide,256,4,1,StdHash,4027000,1024,-128,3932.6171875
wide,256,4,1,CJR,12598000,1024,-128,12302.734375
wide,256,5,1,StdHash,4079000,1024,-128,3983.3984375
wide,256,5,1,CJR,12896000,1024,-128,12593.75
wide,256,5,1,StdSort,47256000,1024,-128,46148.4375
wide,256,6,1,CJR,12767000,1024,-128,12467.7734375
wide,256,6,1,StdSort,56115000,1024,-128,54799.8046875
wide,256,6,1,StdHash,4058000,1024,-128,3962.890625
small_domain,256,0,1,CJR,15263000,1024,-3,14905.2734375
small_domain,256,0,1,StdSort,58110000,1024,-3,56748.046875
small_domain,256,0,1,StdHash,1540000,1024,-3,1503.90625
small_domain,256,1,1,StdSort,58205000,1024,-3,56840.8203125
small_domain,256,1,1,StdHash,1519000,1024,-3,1483.3984375
small_domain,256,1,1,CJR,14881000,1024,-3,14532.2265625
small_domain,256,2,1,StdHash,1611000,1024,-3,1573.2421875
small_domain,256,2,1,CJR,14681000,1024,-3,14336.9140625
small_domain,256,2,1,StdSort,50312000,1024,-3,49132.8125
small_domain,256,3,1,CJR,15539000,1024,-3,15174.8046875
small_domain,256,3,1,StdSort,60986000,1024,-3,59556.640625
small_domain,256,3,1,StdHash,1766000,1024,-3,1724.609375
small_domain,256,4,1,StdSort,60711000,1024,-3,59288.0859375
small_domain,256,4,1,StdHash,1573000,1024,-3,1536.1328125
small_domain,256,4,1,CJR,15617000,1024,-3,15250.9765625
small_domain,256,5,1,StdHash,1562000,1024,-3,1525.390625
small_domain,256,5,1,CJR,15615000,1024,-3,15249.0234375
small_domain,256,5,1,StdSort,60801000,1024,-3,59375.9765625
small_domain,256,6,1,CJR,15510000,1024,-3,15146.484375
small_domain,256,6,1,StdSort,49821000,1024,-3,48653.3203125
small_domain,256,6,1,StdHash,1567000,1024,-3,1530.2734375
sorted,256,0,1,CJR,210948000,1024,-128,206003.90625
sorted,256,0,1,StdSort,19186000,1024,-128,18736.328125
sorted,256,0,1,StdHash,3265000,1024,-128,3188.4765625
sorted,256,1,1,StdSort,20987000,1024,-128,20495.1171875
sorted,256,1,1,StdHash,4038000,1024,-128,3943.359375
sorted,256,1,1,CJR,210823000,1024,-128,205881.8359375
sorted,256,2,1,StdHash,2718000,1024,-128,2654.296875
sorted,256,2,1,CJR,212141000,1024,-128,207168.9453125
sorted,256,2,1,StdSort,20244000,1024,-128,19769.53125
sorted,256,3,1,CJR,213924000,1024,-128,208910.15625
sorted,256,3,1,StdSort,19295000,1024,-128,18842.7734375
sorted,256,3,1,StdHash,4057000,1024,-128,3961.9140625
sorted,256,4,1,StdSort,21372000,1024,-128,20871.09375
sorted,256,4,1,StdHash,4136000,1024,-128,4039.0625
sorted,256,4,1,CJR,213199000,1024,-128,208202.1484375
sorted,256,5,1,StdHash,2871000,1024,-128,2803.7109375
sorted,256,5,1,CJR,213307000,1024,-128,208307.6171875
sorted,256,5,1,StdSort,20604000,1024,-128,20121.09375
sorted,256,6,1,CJR,211994000,1024,-128,207025.390625
sorted,256,6,1,StdSort,19183000,1024,-128,18733.3984375
sorted,256,6,1,StdHash,4208000,1024,-128,4109.375
reverse_sorted,256,0,1,CJR,127936000,1024,128,124937.5
reverse_sorted,256,0,1,StdSort,21716000,1024,128,21207.03125
reverse_sorted,256,0,1,StdHash,3771000,1024,128,3682.6171875
reverse_sorted,256,1,1,StdSort,24338000,1024,128,23767.578125
reverse_sorted,256,1,1,StdHash,13182000,1024,128,12873.046875
reverse_sorted,256,1,1,CJR,127069000,1024,128,124090.8203125
reverse_sorted,256,2,1,StdHash,4035000,1024,128,3940.4296875
reverse_sorted,256,2,1,CJR,127312000,1024,128,124328.125
reverse_sorted,256,2,1,StdSort,22784000,1024,128,22250.0
reverse_sorted,256,3,1,CJR,127543000,1024,128,124553.7109375
reverse_sorted,256,3,1,StdSort,22074000,1024,128,21556.640625
reverse_sorted,256,3,1,StdHash,3924000,1024,128,3832.03125
reverse_sorted,256,4,1,StdSort,24526000,1024,128,23951.171875
reverse_sorted,256,4,1,StdHash,12443000,1024,128,12151.3671875
reverse_sorted,256,4,1,CJR,127418000,1024,128,124431.640625
reverse_sorted,256,5,1,StdHash,4115000,1024,128,4018.5546875
reverse_sorted,256,5,1,CJR,127286000,1024,128,124302.734375
reverse_sorted,256,5,1,StdSort,22332000,1024,128,21808.59375
reverse_sorted,256,6,1,CJR,127857000,1024,128,124860.3515625
reverse_sorted,256,6,1,StdSort,22264000,1024,128,21742.1875
reverse_sorted,256,6,1,StdHash,4109000,1024,128,4012.6953125
dense,4096,0,1,CJR,22289000,64,-50,348265.625
dense,4096,0,1,StdSort,83205000,64,-50,1300078.125
dense,4096,0,1,StdHash,1667000,64,-50,26046.875
dense,4096,1,1,StdSort,84889000,64,-50,1326390.625
dense,4096,1,1,StdHash,1709000,64,-50,26703.125
dense,4096,1,1,CJR,22298000,64,-50,348406.25
dense,4096,2,1,StdHash,1757000,64,-50,27453.125
dense,4096,2,1,CJR,22889000,64,-50,357640.625
dense,4096,2,1,StdSort,85647000,64,-50,1338234.375
dense,4096,3,1,CJR,22246000,64,-50,347593.75
dense,4096,3,1,StdSort,82853000,64,-50,1294578.125
dense,4096,3,1,StdHash,1695000,64,-50,26484.375
dense,4096,4,1,StdSort,89336000,64,-50,1395875.0
dense,4096,4,1,StdHash,1682000,64,-50,26281.25
dense,4096,4,1,CJR,23002000,64,-50,359406.25
dense,4096,5,1,StdHash,1597000,64,-50,24953.125
dense,4096,5,1,CJR,21948000,64,-50,342937.5
dense,4096,5,1,StdSort,93166000,64,-50,1455718.75
dense,4096,6,1,CJR,22135000,64,-50,345859.375
dense,4096,6,1,StdSort,83588000,64,-50,1306062.5
dense,4096,6,1,StdHash,1642000,64,-50,25656.25
wide,4096,0,1,CJR,19350000,64,-2048,302343.75
wide,4096,0,1,StdSort,80416000,64,-2048,1256500.0
wide,4096,0,1,StdHash,4267000,64,-2048,66671.875
wide,4096,1,1,StdSort,80533000,64,-2048,1258328.125
wide,4096,1,1,StdHash,4295000,64,-2048,67109.375
wide,4096,1,1,CJR,19178000,64,-2048,299656.25
wide,4096,2,1,StdHash,6241000,64,-2048,97515.625
wide,4096,2,1,CJR,19005000,64,-2048,296953.125
wide,4096,2,1,StdSort,79890000,64,-2048,1248281.25
wide,4096,3,1,CJR,19325000,64,-2048,301953.125
wide,4096,3,1,StdSort,79683000,64,-2048,1245046.875
wide,4096,3,1,StdHash,14246000,64,-2048,222593.75
wide,4096,4,1,StdSort,80110000,64,-2048,1251718.75
wide,4096,4,1,StdHash,4173000,64,-2048,65203.125
wide,4096,4,1,CJR,19162000,64,-2048,299406.25
wide,4096,5,1,StdHash,4099000,64,-2048,64046.875
wide,4096,5,1,CJR,19142000,64,-2048,299093.75
wide,4096,5,1,StdSort,77653000,64,-2048,1213328.125
wide,4096,6,1,CJR,19270000,64,-2048,301093.75
wide,4096,6,1,StdSort,81925000,64,-2048,1280078.125
wide,4096,6,1,StdHash,4505000,64,-2048,70390.625
small_domain,4096,0,1,CJR,94579000,64,-3,1477796.875
small_domain,4096,0,1,StdSort,75152000,64,-3,1174250.0
small_domain,4096,0,1,StdHash,1479000,64,-3,23109.375
small_domain,4096,1,1,StdSort,81461000,64,-3,1272828.125
small_domain,4096,1,1,StdHash,1526000,64,-3,23843.75
small_domain,4096,1,1,CJR,95635000,64,-3,1494296.875
small_domain,4096,2,1,StdHash,1510000,64,-3,23593.75
small_domain,4096,2,1,CJR,92401000,64,-3,1443765.625
small_domain,4096,2,1,StdSort,84520000,64,-3,1320625.0
small_domain,4096,3,1,CJR,92159000,64,-3,1439984.375
small_domain,4096,3,1,StdSort,72148000,64,-3,1127312.5
small_domain,4096,3,1,StdHash,1688000,64,-3,26375.0
small_domain,4096,4,1,StdSort,80642000,64,-3,1260031.25
small_domain,4096,4,1,StdHash,1434000,64,-3,22406.25
small_domain,4096,4,1,CJR,93241000,64,-3,1456890.625
small_domain,4096,5,1,StdHash,1509000,64,-3,23578.125
small_domain,4096,5,1,CJR,93256000,64,-3,1457125.0
small_domain,4096,5,1,StdSort,88201000,64,-3,1378140.625
small_domain,4096,6,1,CJR,94525000,64,-3,1476953.125
small_domain,4096,6,1,StdSort,72464000,64,-3,1132250.0
small_domain,4096,6,1,StdHash,1578000,64,-3,24656.25
dense,16384,0,1,CJR,29085000,16,-50,1817812.5
dense,16384,0,1,StdSort,96392000,16,-50,6024500.0
dense,16384,0,1,StdHash,1624000,16,-50,101500.0
dense,16384,1,1,StdSort,108422000,16,-50,6776375.0
dense,16384,1,1,StdHash,1603000,16,-50,100187.5
dense,16384,1,1,CJR,29005000,16,-50,1812812.5
dense,16384,2,1,StdHash,1541000,16,-50,96312.5
dense,16384,2,1,CJR,28741000,16,-50,1796312.5
dense,16384,2,1,StdSort,97640000,16,-50,6102500.0
dense,16384,3,1,CJR,28532000,16,-50,1783250.0
dense,16384,3,1,StdSort,96255000,16,-50,6015937.5
dense,16384,3,1,StdHash,1615000,16,-50,100937.5
dense,16384,4,1,StdSort,97169000,16,-50,6073062.5
dense,16384,4,1,StdHash,1639000,16,-50,102437.5
dense,16384,4,1,CJR,29050000,16,-50,1815625.0
dense,16384,5,1,StdHash,1680000,16,-50,105000.0
dense,16384,5,1,CJR,28954000,16,-50,1809625.0
dense,16384,5,1,StdSort,106393000,16,-50,6649562.5
dense,16384,6,1,CJR,29471000,16,-50,1841937.5
dense,16384,6,1,StdSort,95276000,16,-50,5954750.0
dense,16384,6,1,StdHash,1689000,16,-50,105562.5
wide,16384,0,1,CJR,24857000,16,-8192,1553562.5
wide,16384,0,1,StdSort,93520000,16,-8192,5845000.0
wide,16384,0,1,StdHash,4592000,16,-8192,287000.0
wide,16384,1,1,StdSort,101178000,16,-8192,6323625.0
wide,16384,1,1,StdHash,4634000,16,-8192,289625.0
wide,16384,1,1,CJR,25065000,16,-8192,1566562.5
wide,16384,2,1,StdHash,4427000,16,-8192,276687.5
wide,16384,2,1,CJR,24731000,16,-8192,1545687.5
wide,16384,2,1,StdSort,93417000,16,-8192,5838562.5
wide,16384,3,1,CJR,24980000,16,-8192,1561250.0
wide,16384,3,1,StdSort,100388000,16,-8192,6274250.0
wide,16384,3,1,StdHash,4692000,16,-8192,293250.0
wide,16384,4,1,StdSort,92235000,16,-8192,5764687.5
wide,16384,4,1,StdHash,4452000,16,-8192,278250.0
wide,16384,4,1,CJR,24743000,16,-8192,1546437.5
wide,16384,5,1,StdHash,4587000,16,-8192,286687.5
wide,16384,5,1,CJR,24650000,16,-8192,1540625.0
wide,16384,5,1,StdSort,99989000,16,-8192,6249312.5
wide,16384,6,1,CJR,25817000,16,-8192,1613562.5
wide,16384,6,1,StdSort,91267000,16,-8192,5704187.5
wide,16384,6,1,StdHash,4666000,16,-8192,291625.0
small_domain,16384,0,1,CJR,318055000,16,-3,19878437.5
small_domain,16384,0,1,StdSort,95325000,16,-3,5957812.5
small_domain,16384,0,1,StdHash,1404000,16,-3,87750.0
small_domain,16384,1,1,StdSort,91800000,16,-3,5737500.0
small_domain,16384,1,1,StdHash,1545000,16,-3,96562.5
small_domain,16384,1,1,CJR,314400000,16,-3,19650000.0
small_domain,16384,2,1,StdHash,1495000,16,-3,93437.5
small_domain,16384,2,1,CJR,317672000,16,-3,19854500.0
small_domain,16384,2,1,StdSort,89090000,16,-3,5568125.0
small_domain,16384,3,1,CJR,317916000,16,-3,19869750.0
small_domain,16384,3,1,StdSort,86918000,16,-3,5432375.0
small_domain,16384,3,1,StdHash,1557000,16,-3,97312.5
small_domain,16384,4,1,StdSort,90386000,16,-3,5649125.0
small_domain,16384,4,1,StdHash,1553000,16,-3,97062.5
small_domain,16384,4,1,CJR,316132000,16,-3,19758250.0
small_domain,16384,5,1,StdHash,1451000,16,-3,90687.5
small_domain,16384,5,1,CJR,315936000,16,-3,19746000.0
small_domain,16384,5,1,StdSort,88070000,16,-3,5504375.0
small_domain,16384,6,1,CJR,313155000,16,-3,19572187.5
small_domain,16384,6,1,StdSort,89329000,16,-3,5583062.5
small_domain,16384,6,1,StdHash,1693000,16,-3,105812.5
dense,256,0,2,CJR,15209000,1024,-50,14852.5390625
dense,256,0,2,StdSort,48517000,1024,-50,47379.8828125
dense,256,0,2,StdHash,2825000,1024,-50,2758.7890625
dense,256,1,2,StdSort,53487000,1024,-50,52233.3984375
dense,256,1,2,StdHash,2724000,1024,-50,2660.15625
dense,256,1,2,CJR,12006000,1024,-50,11724.609375
dense,256,2,2,StdHash,2678000,1024,-50,2615.234375
dense,256,2,2,CJR,11712000,1024,-50,11437.5
dense,256,2,2,StdSort,53595000,1024,-50,52338.8671875
dense,256,3,2,CJR,11717000,1024,-50,11442.3828125
dense,256,3,2,StdSort,44611000,1024,-50,43565.4296875
dense,256,3,2,StdHash,2759000,1024,-50,2694.3359375
dense,256,4,2,StdSort,53824000,1024,-50,52562.5
dense,256,4,2,StdHash,2776000,1024,-50,2710.9375
dense,256,4,2,CJR,11942000,1024,-50,11662.109375
dense,256,5,2,StdHash,2639000,1024,-50,2577.1484375
dense,256,5,2,CJR,11847000,1024,-50,11569.3359375
dense,256,5,2,StdSort,53930000,1024,-50,52666.015625
dense,256,6,2,CJR,11594000,1024,-50,11322.265625
dense,256,6,2,StdSort,44732000,1024,-50,43683.59375
dense,256,6,2,StdHash,2746000,1024,-50,2681.640625
wide,256,0,2,CJR,12755000,1024,-128,12456.0546875
wide,256,0,2,StdSort,54825000,1024,-128,53540.0390625
wide,256,0,2,StdHash,4204000,1024,-128,4105.46875
wide,256,1,2,StdSort,53850000,1024,-128,52587.890625
wide,256,1,2,StdHash,3935000,1024,-128,3842.7734375
wide,256,1,2,CJR,12892000,1024,-128,12589.84375
wide,256,2,2,StdHash,4006000,1024,-128,3912.109375
wide,256,2,2,CJR,12677000,1024,-128,12379.8828125
wide,256,2,2,StdSort,56540000,1024,-128,55214.84375
wide,256,3,2,CJR,12741000,1024,-128,12442.3828125
wide,256,3,2,StdSort,54278000,1024,-128,53005.859375
wide,256,3,2,StdHash,3950000,1024,-128,3857.421875
wide,256,4,2,StdSort,55515000,1024,-128,54213.8671875
wide,256,4,2,StdHash,3791000,1024,-128,3702.1484375
wide,256,4,2,CJR,12848000,1024,-128,12546.875
wide,256,5,2,StdHash,4093000,1024,-128,3997.0703125
wide,256,5,2,CJR,12856000,1024,-128,12554.6875
wide,256,5,2,StdSort,47980000,1024,-128,46855.46875
wide,256,6,2,CJR,12737000,1024,-128,12438.4765625
wide,256,6,2,StdSort,56708000,1024,-128,55378.90625
wide,256,6,2,StdHash,4003000,1024,-128,3909.1796875
small_domain,256,0,2,CJR,14960000,1024,-3,14609.375
small_domain,256,0,2,StdSort,57673000,1024,-3,56321.2890625
small_domain,256,0,2,StdHash,1599000,1024,-3,1561.5234375
small_domain,256,1,2,StdSort,57050000,1024,-3,55712.890625
small_domain,256,1,2,StdHash,1568000,1024,-3,1531.25
small_domain,256,1,2,CJR,15193000,1024,-3,14836.9140625
small_domain,256,2,2,StdHash,1567000,1024,-3,1530.2734375
small_domain,256,2,2,CJR,15137000,1024,-3,14782.2265625
small_domain,256,2,2,StdSort,49371000,1024,-3,48213.8671875
small_domain,256,3,2,CJR,14887000,1024,-3,14538.0859375
small_domain,256,3,2,StdSort,58542000,1024,-3,57169.921875
small_domain,256,3,2,StdHash,1642000,1024,-3,1603.515625
small_domain,256,4,2,StdSort,59599000,1024,-3,58202.1484375
small_domain,256,4,2,StdHash,1571000,1024,-3,1534.1796875
small_domain,256,4,2,CJR,14705000,1024,-3,14360.3515625
small_domain,256,5,2,StdHash,1553000,1024,-3,1516.6015625
small_domain,256,5,2,CJR,14738000,1024,-3,14392.578125
small_domain,256,5,2,StdSort,60795000,1024,-3,59370.1171875
small_domain,256,6,2,CJR,15406000,1024,-3,15044.921875
small_domain,256,6,2,StdSort,49521000,1024,-3,48360.3515625
small_domain,256,6,2,StdHash,1556000,1024,-3,1519.53125
sorted,256,0,2,CJR,212259000,1024,-128,207284.1796875
sorted,256,0,2,StdSort,19173000,1024,-128,18723.6328125
sorted,256,0,2,StdHash,2998000,1024,-128,2927.734375
sorted,256,1,2,StdSort,20386000,1024,-128,19908.203125
sorted,256,1,2,StdHash,4139000,1024,-128,4041.9921875
sorted,256,1,2,CJR,214551000,1024,-128,209522.4609375
sorted,256,2,2,StdHash,2852000,1024,-128,2785.15625
sorted,256,2,2,CJR,214906000,1024,-128,209869.140625
sorted,256,2,2,StdSort,20332000,1024,-128,19855.46875
sorted,256,3,2,CJR,213230000,1024,-128,208232.421875
sorted,256,3,2,StdSort,19352000,1024,-128,18898.4375
sorted,256,3,2,StdHash,4270000,1024,-128,4169.921875
sorted,256,4,2,StdSort,21076000,1024,-128,20582.03125
sorted,256,4,2,StdHash,4003000,1024,-128,3909.1796875
sorted,256,4,2,CJR,213345000,1024,-128,208344.7265625
sorted,256,5,2,StdHash,2778000,1024,-128,2712.890625
sorted,256,5,2,CJR,212511000,1024,-128,207530.2734375
sorted,256,5,2,StdSort,20233000,1024,-128,19758.7890625
sorted,256,6,2,CJR,210756000,1024,-128,205816.40625
sorted,256,6,2,StdSort,18925000,1024,-128,18481.4453125
sorted,256,6,2,StdHash,4029000,1024,-128,3934.5703125
reverse_sorted,256,0,2,CJR,127991000,1024,128,124991.2109375
reverse_sorted,256,0,2,StdSort,22694000,1024,128,22162.109375
reverse_sorted,256,0,2,StdHash,3406000,1024,128,3326.171875
reverse_sorted,256,1,2,StdSort,24761000,1024,128,24180.6640625
reverse_sorted,256,1,2,StdHash,14096000,1024,128,13765.625
reverse_sorted,256,1,2,CJR,127602000,1024,128,124611.328125
reverse_sorted,256,2,2,StdHash,4365000,1024,128,4262.6953125
reverse_sorted,256,2,2,CJR,128251000,1024,128,125245.1171875
reverse_sorted,256,2,2,StdSort,22975000,1024,128,22436.5234375
reverse_sorted,256,3,2,CJR,127421000,1024,128,124434.5703125
reverse_sorted,256,3,2,StdSort,22562000,1024,128,22033.203125
reverse_sorted,256,3,2,StdHash,4118000,1024,128,4021.484375
reverse_sorted,256,4,2,StdSort,24578000,1024,128,24001.953125
reverse_sorted,256,4,2,StdHash,12286000,1024,128,11998.046875
reverse_sorted,256,4,2,CJR,127574000,1024,128,124583.984375
reverse_sorted,256,5,2,StdHash,4039000,1024,128,3944.3359375
reverse_sorted,256,5,2,CJR,128098000,1024,128,125095.703125
reverse_sorted,256,5,2,StdSort,23098000,1024,128,22556.640625
reverse_sorted,256,6,2,CJR,128436000,1024,128,125425.78125
reverse_sorted,256,6,2,StdSort,22306000,1024,128,21783.203125
reverse_sorted,256,6,2,StdHash,4086000,1024,128,3990.234375
dense,4096,0,2,CJR,22130000,64,-50,345781.25
dense,4096,0,2,StdSort,84839000,64,-50,1325609.375
dense,4096,0,2,StdHash,1696000,64,-50,26500.0
dense,4096,1,2,StdSort,83389000,64,-50,1302953.125
dense,4096,1,2,StdHash,1707000,64,-50,26671.875
dense,4096,1,2,CJR,22339000,64,-50,349046.875
dense,4096,2,2,StdHash,1621000,64,-50,25328.125
dense,4096,2,2,CJR,22148000,64,-50,346062.5
dense,4096,2,2,StdSort,84580000,64,-50,1321562.5
dense,4096,3,2,CJR,22050000,64,-50,344531.25
dense,4096,3,2,StdSort,84263000,64,-50,1316609.375
dense,4096,3,2,StdHash,1767000,64,-50,27609.375
dense,4096,4,2,StdSort,84383000,64,-50,1318484.375
dense,4096,4,2,StdHash,1723000,64,-50,26921.875
dense,4096,4,2,CJR,22307000,64,-50,348546.875
dense,4096,5,2,StdHash,1723000,64,-50,26921.875
dense,4096,5,2,CJR,22300000,64,-50,348437.5
dense,4096,5,2,StdSort,95666000,64,-50,1494781.25
dense,4096,6,2,CJR,22105000,64,-50,345390.625
dense,4096,6,2,StdSort,84068000,64,-50,1313562.5
dense,4096,6,2,StdHash,1695000,64,-50,26484.375
wide,4096,0,2,CJR,19191000,64,-2048,299859.375
wide,4096,0,2,StdSort,78859000,64,-2048,1232171.875
wide,4096,0,2,StdHash,4238000,64,-2048,66218.75
wide,4096,1,2,StdSort,80653000,64,-2048,1260203.125
wide,4096,1,2,StdHash,4238000,64,-2048,66218.75
wide,4096,1,2,CJR,19200000,64,-2048,300000.0
wide,4096,2,2,StdHash,4385000,64,-2048,68515.625
wide,4096,2,2,CJR,19310000,64,-2048,301718.75
wide,4096,2,2,StdSort,80916000,64,-2048,1264312.5
wide,4096,3,2,CJR,19616000,64,-2048,306500.0
wide,4096,3,2,StdSort,81583000,64,-2048,1274734.375
wide,4096,3,2,StdHash,13370000,64,-2048,208906.25
wide,4096,4,2,StdSort,79758000,64,-2048,1246218.75
wide,4096,4,2,StdHash,4240000,64,-2048,66250.0
wide,4096,4,2,CJR,19369000,64,-2048,302640.625
wide,4096,5,2,StdHash,4259000,64,-2048,66546.875
wide,4096,5,2,CJR,19503000,64,-2048,304734.375
wide,4096,5,2,StdSort,79666000,64,-2048,1244781.25
wide,4096,6,2,CJR,19526000,64,-2048,305093.75
wide,4096,6,2,StdSort,80569000,64,-2048,1258890.625
wide,4096,6,2,StdHash,4336000,64,-2048,67750.0
small_domain,4096,0,2,CJR,94207000,64,-3,1471984.375
small_domain,4096,0,2,StdSort,77804000,64,-3,1215687.5
small_domain,4096,0,2,StdHash,1579000,64,-3,24671.875
small_domain,4096,1,2,StdSort,81960000,64,-3,1280625.0
small_domain,4096,1,2,StdHash,1557000,64,-3,24328.125
small_domain,4096,1,2,CJR,93955000,64,-3,1468046.875
small_domain,4096,2,2,StdHash,1506000,64,-3,23531.25
small_domain,4096,2,2,CJR,94853000,64,-3,1482078.125
small_domain,4096,2,2,StdSort,80884000,64,-3,1263812.5
small_domain,4096,3,2,CJR,93957000,64,-3,1468078.125
small_domain,4096,3,2,StdSort,71890000,64,-3,1123281.25
small_domain,4096,3,2,StdHash,1702000,64,-3,26593.75
small_domain,4096,4,2,StdSort,78076000,64,-3,1219937.5
small_domain,4096,4,2,StdHash,1699000,64,-3,26546.875
small_domain,4096,4,2,CJR,94619000,64,-3,1478421.875
small_domain,4096,5,2,StdHash,1543000,64,-3,24109.375
small_domain,4096,5,2,CJR,94130000,64,-3,1470781.25
small_domain,4096,5,2,StdSort,81742000,64,-3,1277218.75
small_domain,4096,6,2,CJR,95154000,64,-3,1486781.25
small_domain,4096,6,2,StdSort,72121000,64,-3,1126890.625
small_domain,4096,6,2,StdHash,1483000,64,-3,23171.875
dense,16384,0,2,CJR,29251000,16,-50,1828187.5
dense,16384,0,2,StdSort,99581000,16,-50,6223812.5
dense,16384,0,2,StdHash,1689000,16,-50,105562.5
dense,16384,1,2,StdSort,109739000,16,-50,6858687.5
dense,16384,1,2,StdHash,1676000,16,-50,104750.0
dense,16384,1,2,CJR,28681000,16,-50,1792562.5
dense,16384,2,2,StdHash,1758000,16,-50,109875.0
dense,16384,2,2,CJR,29125000,16,-50,1820312.5
dense,16384,2,2,StdSort,98159000,16,-50,6134937.5
dense,16384,3,2,CJR,28847000,16,-50,1802937.5
dense,16384,3,2,StdSort,97806000,16,-50,6112875.0
dense,16384,3,2,StdHash,1556000,16,-50,97250.0
dense,16384,4,2,StdSort,96999000,16,-50,6062437.5
dense,16384,4,2,StdHash,1690000,16,-50,105625.0
dense,16384,4,2,CJR,28936000,16,-50,1808500.0
dense,16384,5,2,StdHash,1671000,16,-50,104437.5
dense,16384,5,2,CJR,29231000,16,-50,1826937.5
dense,16384,5,2,StdSort,105891000,16,-50,6618187.5
dense,16384,6,2,CJR,28601000,16,-50,1787562.5
dense,16384,6,2,StdSort,97220000,16,-50,6076250.0
dense,16384,6,2,StdHash,1695000,16,-50,105937.5
wide,16384,0,2,CJR,25988000,16,-8192,1624250.0
wide,16384,0,2,StdSort,92940000,16,-8192,5808750.0
wide,16384,0,2,StdHash,12862000,16,-8192,803875.0
wide,16384,1,2,StdSort,92160000,16,-8192,5760000.0
wide,16384,1,2,StdHash,4893000,16,-8192,305812.5
wide,16384,1,2,CJR,25010000,16,-8192,1563125.0
wide,16384,2,2,StdHash,4524000,16,-8192,282750.0
wide,16384,2,2,CJR,24957000,16,-8192,1559812.5
wide,16384,2,2,StdSort,95867000,16,-8192,5991687.5
wide,16384,3,2,CJR,25439000,16,-8192,1589937.5
wide,16384,3,2,StdSort,103220000,16,-8192,6451250.0
wide,16384,3,2,StdHash,4401000,16,-8192,275062.5
wide,16384,4,2,StdSort,93743000,16,-8192,5858937.5
wide,16384,4,2,StdHash,4539000,16,-8192,283687.5
wide,16384,4,2,CJR,25158000,16,-8192,1572375.0
wide,16384,5,2,StdHash,4377000,16,-8192,273562.5
wide,16384,5,2,CJR,24845000,16,-8192,1552812.5
wide,16384,5,2,StdSort,99609000,16,-8192,6225562.5
wide,16384,6,2,CJR,24549000,16,-8192,1534312.5
wide,16384,6,2,StdSort,93621000,16,-8192,5851312.5
wide,16384,6,2,StdHash,4705000,16,-8192,294062.5
small_domain,16384,0,2,CJR,317708000,16,-3,19856750.0
small_domain,16384,0,2,StdSort,97526000,16,-3,6095375.0
small_domain,16384,0,2,StdHash,1575000,16,-3,98437.5
small_domain,16384,1,2,StdSort,91298000,16,-3,5706125.0
small_domain,16384,1,2,StdHash,1496000,16,-3,93500.0
small_domain,16384,1,2,CJR,316792000,16,-3,19799500.0
small_domain,16384,2,2,StdHash,1547000,16,-3,96687.5
small_domain,16384,2,2,CJR,315372000,16,-3,19710750.0
small_domain,16384,2,2,StdSort,89917000,16,-3,5619812.5
small_domain,16384,3,2,CJR,317859000,16,-3,19866187.5
small_domain,16384,3,2,StdSort,89966000,16,-3,5622875.0
small_domain,16384,3,2,StdHash,1478000,16,-3,92375.0
small_domain,16384,4,2,StdSort,93047000,16,-3,5815437.5
small_domain,16384,4,2,StdHash,1577000,16,-3,98562.5
small_domain,16384,4,2,CJR,318051000,16,-3,19878187.5
small_domain,16384,5,2,StdHash,1618000,16,-3,101125.0
small_domain,16384,5,2,CJR,316044000,16,-3,19752750.0
small_domain,16384,5,2,StdSort,90843000,16,-3,5677687.5
small_domain,16384,6,2,CJR,319621000,16,-3,19976312.5
small_domain,16384,6,2,StdSort,91502000,16,-3,5718875.0
small_domain,16384,6,2,StdHash,1663000,16,-3,103937.5
